,fit_time,score_time,test_score,train_score
Logistic_Regression,0.1866051197052002,0.0029971122741699217,0.7818141420523351,0.7828408875912364
Random_Forest,0.8089886665344238,0.034612512588500975,0.8394932870004739,1.0
DummyClassifier,0.003200340270996094,0.0019959926605224608,0.6219221818564734,0.6287455730572766
SVC,0.4690089225769043,0.06260037422180176,0.7945407255304586,0.8086003191730414
K_Nearest_Neighbors,0.02159905433654785,0.11220512390136719,0.7943358079292371,0.8539104095676603
