,fit_time,score_time,test_score,train_score
Logistic_Regression,0.032635498046875,0.0018568038940429688,0.8382089422407792,0.8396586791108724
Random_Forest,0.28664002418518064,0.015781879425048828,0.953295059151009,1.0
DummyClassifier,0.0012620449066162109,0.0006355762481689454,0.6897451287404314,0.6901579670068428
SVC,0.07571291923522949,0.01057262420654297,0.8515483646485734,0.8657223929955699
K_Nearest_Neighbors,0.004041337966918945,0.02787461280822754,0.8619789491997217,0.9059639595483613
