,fit_time,score_time,test_score,train_score
Random Forest,1.1781512260437013,0.052044248580932616,0.6208296734683315,1.0
Logistic Regression,0.043868064880371094,0.005653238296508789,0.5258039760418244,0.5285105385566056
